product_id,platform,id,url,title,creator_id,published_at,observed_at,views,likes,comments,country,country_source,is_short,product_match
heatless-curling-rod,youtube,USHWOrDv2J8,https://www.youtube.com/shorts/USHWOrDv2J8,Ranking The Best Heatless Curls,UCQS9btuhnAl1kdqUUpZR2uw,2026-09-19T13:45:14-07:00,2026-09-21T10:45:30.145298+00:00,32647,815,,,,True,True
heatless-curling-rod,youtube,kUAhEkK7tqA,https://www.youtube.com/shorts/kUAhEkK7tqA,heatless curls  #heatlesscurls #hairhowto #heatlesshairstyles #curlrods #overnightcurlstutorial,UCGzrLoBpDw0Moz_6Hnp_u-A,2026-09-19T16:04:17-07:00,2026-09-21T10:45:29.708771+00:00,9633,259,,,,True,True
heatless-curling-rod,youtube,6r3kXJ5w2hM,https://www.youtube.com/shorts/6r3kXJ5w2hM,I Tried Heatless Curls Overnight… Here’s the Morning Reveal 👀✨ | Silk Bonnet Routine,UCfQDbBAJqSV2z5GzMX-31dQ,2026-09-20T09:15:14-07:00,2026-09-21T10:45:30.637911+00:00,7753,264,,,,True,True
heatless-curling-rod,youtube,qa-mkzylfrw,https://www.youtube.com/shorts/qa-mkzylfrw,OGTaylor Swift heatless curl tutorial #curls #hairstyle #fyp #longhair #heatlesscurls #hairtutorial,UCXemvBWvSegCJWUrYN0yZlQ,2026-09-20T13:37:14-07:00,2026-09-21T10:45:31.127268+00:00,17488,747,,,,True,False
heatless-curling-rod,youtube,_jszjFXWVz4,https://www.youtube.com/shorts/_jszjFXWVz4,Gotta try out new methods of heatless curls so I will always be going to bed looking crazy hehe,UC3KCk2ymSU3cuD5TTpR-3ew,2026-09-19T13:40:49-07:00,2026-09-21T10:45:30.981384+00:00,19480,653,,,,True,True
heatless-curling-rod,youtube,B0OsLsIA_Dg,https://www.youtube.com/shorts/B0OsLsIA_Dg,DIY Heatless Curls Overnight 😍 | No Heat Curls for Long Hair | Part 2 #curly #diyhairstyles #trend,UC_AE72bU1C-y2FqVS5yD_tQ,2026-09-20T13:32:00-07:00,2026-09-21T10:45:31.493101+00:00,1186,14,,,,True,True
heatless-curling-rod,youtube,g1ZTeTUIt8o,https://www.youtube.com/shorts/g1ZTeTUIt8o,my fav styling method this winter 🧦🤍 #sockcurls #easyhairstyles #heatlesscurls #sockcurlstutorial,UCZSmq8IjUGiXBRKX6gryPLQ,2026-09-19T06:10:10-07:00,2026-09-21T10:45:31.826149+00:00,27213,527,,,,True,False
heatless-curling-rod,youtube,Stn8SBc6j-A,https://www.youtube.com/shorts/Stn8SBc6j-A,"Wake up to effortless curls - no heat, no damage 🤍✨",UCEO-leg2uWYm8LtLoDBNlxg,2026-09-21T01:46:01-07:00,2026-09-21T10:45:32.091430+00:00,482,3,,,,True,False
heatless-curling-rod,youtube,5IaCryyb0Rg,https://www.youtube.com/shorts/5IaCryyb0Rg,It’s never just Heatless Curls 😏,UCrbVnill34iBh0aAiEMmrZQ,2026-09-19T23:04:41-07:00,2026-09-21T10:45:32.526078+00:00,15869,474,,,,True,True
heatless-curling-rod,youtube,F2Z4TY2TPpE,https://www.youtube.com/shorts/F2Z4TY2TPpE,heatless curls challenge ￼,UCXAArZCUcCIJ1FFqUyzXhKg,2026-09-19T10:00:21-07:00,2026-09-21T10:45:32.851999+00:00,4588,49,,,,True,True
heatless-curling-rod,youtube,AZdWXRDUMBg,https://www.youtube.com/shorts/AZdWXRDUMBg,The Heatless Blowout You NEED to Try ✨💁‍♀️,UCEO-leg2uWYm8LtLoDBNlxg,2026-09-21T02:23:58-07:00,2026-09-21T10:45:33.070768+00:00,187,3,,,,True,False
heatless-curling-rod,youtube,tXzhfsaG2Qk,https://www.youtube.com/shorts/tXzhfsaG2Qk,This Heatless Curling Ribbon Actually Works 😱 | No More Heat Damage #shorts  #amazonfinds #cozymama,UCEd3CnsDPUAG5G7kokDGQqg,2026-09-20T14:00:36-07:00,2026-09-21T10:45:33.712449+00:00,788,8,,,,True,False
heatless-curling-rod,youtube,VLDHiaVhc8c,https://www.youtube.com/shorts/VLDHiaVhc8c,I Tried Heatless Curls Overnight & OMG! 😍 No Heat No Damage | Amazon Viral Find,UCShnFGNRIj7-EScErXjE8qg,2026-09-20T23:54:20-07:00,2026-09-21T10:45:34.786986+00:00,2,0,,,,True,True
heatless-curling-rod,youtube,NRSWVXdVzz8,https://www.youtube.com/shorts/NRSWVXdVzz8,Did I cook or absolutely not?#heatlesscurls #heatlesshair,UCprhwFYVMt0NIuIVtzXt1pw,2026-09-20T19:15:33-07:00,2026-09-21T10:45:34.167202+00:00,35,2,,,,True,False
heatless-curling-rod,youtube,9ETwIghmdms,https://www.youtube.com/shorts/9ETwIghmdms,Heatless Curl Review|without tools curl#heatlesscurl #hairtutorial #shorts,UCToHADRV23Jo-7lIYV0wqkQ,2026-09-20T12:13:58-07:00,2026-09-21T10:45:34.736045+00:00,18,5,,,,True,False
heatless-curling-rod,youtube,5WjKdIr64NU,https://www.youtube.com/shorts/5WjKdIr64NU,Curls While You Sleep?! 😴✨ | invisibobble PILLOW CURL,UCEO-leg2uWYm8LtLoDBNlxg,2026-09-21T01:51:54-07:00,2026-09-21T10:45:35.767407+00:00,132,2,,,,True,False
heatless-curling-rod,youtube,Q1OlF6dEYOE,https://www.youtube.com/shorts/Q1OlF6dEYOE,OVERNIGHT HEATLESS CURLS ( FLEXI ROD ON Old STRAIGHT HAIR) 🌟#heatlesshairstyle #flexirodset,UCGDRlbhe0Tw_ZWao6J_jQ_A,2026-09-19T14:12:52-07:00,2026-09-21T10:45:35.692936+00:00,2346,51,,,,True,True
heatless-curling-rod,youtube,SdOsQ-Mfm4A,https://www.youtube.com/shorts/SdOsQ-Mfm4A,This heatless curling rod makes styling so easy #heatlesscurl  #beautyfind #hairstyling,UCUdOkqGylZpc_4PnYzSXUpg,2026-09-19T08:00:12-07:00,2026-09-21T10:45:35.754965+00:00,35,3,,,,True,True
heatless-curling-rod,youtube,UBCqaE3vPN0,https://www.youtube.com/shorts/UBCqaE3vPN0,heatless curls VS heat curls,UC8usDsSrTGJ4kEKMd7oB1gg,2026-09-08T10:24:47-07:00,2026-09-21T10:45:37.300969+00:00,1808549,39287,,,,True,True
heatless-curling-rod,youtube,87GdM8XbsO0,https://www.youtube.com/shorts/87GdM8XbsO0,DIY Heatless Curls Overnight 😍 | No Heat Curls for Long Hair | Part 1 #curly #diyhairstyles #trend,UC_AE72bU1C-y2FqVS5yD_tQ,2026-09-19T13:52:10-07:00,2026-09-21T10:45:36.967763+00:00,1329,16,,,,True,True
heatless-curling-rod,youtube,mulc-W2XThw,https://www.youtube.com/shorts/mulc-W2XThw,I finally can use my heatless curler rods! 🤭❤️‍🔥💫 ￼#heatlesscurl #bighair #grwm,UCjreQ1lTqF16q2KyLUErPdA,2026-09-20T19:18:56-07:00,2026-09-21T10:45:36.747555+00:00,22,2,,,,True,True
heatless-curling-rod,youtube,DplBWUoYqBk,https://www.youtube.com/shorts/DplBWUoYqBk,Yeah I need to do these more often! So nice not curling my hair this morning! #heatlesshair,UCF-0qIBfEoXOtO6PQxO_r1Q,2026-09-20T16:50:44-07:00,2026-09-21T10:45:38.357074+00:00,201,6,,,,True,False
heatless-curling-rod,youtube,3piH7WD4TTg,https://www.youtube.com/shorts/3piH7WD4TTg,Grab yours Kitsch LLC overnight curls in sating to get those heatless curls,UCbBGMxNb2LnBsM_Wut467cQ,2026-09-20T14:10:31-07:00,2026-09-21T10:45:38.125301+00:00,38,0,,,,True,True
heatless-curling-rod,youtube,HCtQ2kxxbHw,https://www.youtube.com/shorts/HCtQ2kxxbHw,Inward curls vs bouncy beach waves| air warp hairstyle,UC59g5REexaaWd-EKcFfM-_w,2026-09-20T10:00:12-07:00,2026-09-21T10:45:38.589582+00:00,1262,13,,,,True,False
heatless-curling-rod,youtube,hsxLQLr-k-4,https://www.youtube.com/shorts/hsxLQLr-k-4,Wake up to bouncy curls! (Zero heat damage)#haircare #haircaretips #Noheatwaves#hairtutorial,UCOQerSb8PBI7L8j3UILwqxg,2026-09-20T07:19:44-07:00,2026-09-21T10:45:39.158636+00:00,46,1,,,,True,False
pet-hair-remover,youtube,kgIMztAEom4,https://www.youtube.com/shorts/kgIMztAEom4,This Grooming Gadget Saved Her Fur! 🐱✨ #Shorts,UCoxYNlyPVkN6gY2lR3XoKmA,2026-09-20T20:58:23-07:00,2026-09-21T10:45:42.723745+00:00,7215,,,,,True,False
pet-hair-remover,youtube,t_lVMh6i8as,https://www.youtube.com/shorts/t_lVMh6i8as,This Pet Hair Remover is Going VIRAL For a Reason 😳 #shorts,UCbYm0UGtrP9qRTDoQZE69TA,2026-09-20T00:31:29-07:00,2026-09-21T10:45:43.015097+00:00,1532,15,,,,True,True
pet-hair-remover,youtube,kj5qY6RIUNk,https://www.youtube.com/shorts/kj5qY6RIUNk,Pet Hair Everywhere? Clean It in Seconds 🐾 #Shorts,UCVlWDez57i4iTCR3yow-htA,2026-09-20T15:00:01-07:00,2026-09-21T10:45:42.635330+00:00,1324,6,,,,True,False
pet-hair-remover,youtube,aHMMzD0vvgk,https://www.youtube.com/shorts/aHMMzD0vvgk,Stop Using Those Tiny Pet Hair Scrapers! 😱 I Tested a Better Hair Remover,UCgx6wN1kp2bY6xrP811V5GA,2026-09-13T05:30:01-07:00,2026-09-21T10:45:43.741357+00:00,3818,26,,,,True,False
pet-hair-remover,youtube,I-oFnBxK9XA,https://www.youtube.com/shorts/I-oFnBxK9XA,one-click clean pet hair comb #brush #catbrush #steamycatbrush #hairbrush,UCccCtcYFw3IvN-2aBONpDsQ,2026-09-19T04:00:10-07:00,2026-09-21T10:45:43.623575+00:00,15896,190,,,,True,False
pet-hair-remover,youtube,h8VhEhvzBj4,https://www.youtube.com/shorts/h8VhEhvzBj4,Pet Hair Remover Mitt — Deshedding Grooming Glove,UCA7FUqM_-SRnk3XfxhMr2bQ,2026-09-20T09:02:55-07:00,2026-09-21T10:45:43.897718+00:00,1606,20,,,,True,True
pet-hair-remover,youtube,bYaMIm1CM34,https://www.youtube.com/shorts/bYaMIm1CM34,Pet Hair Everywhere? Try This 👀🐶   #PetCare #DogLife #PetProducts,UCfwGSzah1Ma_BP-vddkmFHw,2026-09-20T16:18:33-07:00,2026-09-21T10:45:44.896352+00:00,427,3,,,,True,False
pet-hair-remover,youtube,iZwbWz627aY,https://www.youtube.com/shorts/iZwbWz627aY,🛒Reusable Pet Hair Remover Roller #ChomChomRoller #PetHairRemover #PetHairRemoval,UC2H0lp66j4m7LgoNRlV8lxA,2026-09-20T06:29:33-07:00,2026-09-21T10:45:44.616797+00:00,901,2,,,,True,True
pet-hair-remover,youtube,04V_4PsOQvo,https://www.youtube.com/shorts/04V_4PsOQvo,The Most Satisfying Way to Remove Pet Hair from Your Couch! 🐶✨ #ad,UCBhUdlk5cTdyFGEabr0wLGw,2026-09-20T14:48:14-07:00,2026-09-21T10:45:44.724348+00:00,224,3,,,,True,False
pet-hair-remover,youtube,UEJbNbLsuIM,https://www.youtube.com/shorts/UEJbNbLsuIM,Pet Hair Remover #pet #catenrichment #PetHairRemover #PetHairRoller #FurRemover,UCRuwFCCi4mFN6uS7vIfSWGg,2026-09-19T17:24:40-07:00,2026-09-21T10:45:45.673279+00:00,1319,13,,,,True,True
pet-hair-remover,youtube,mZvas0nrV_A,https://www.youtube.com/shorts/mZvas0nrV_A,Stop Buying Sticky Rollers! Try This 4 in 1 Pet Hair Remover #cleaninghacks #petlover #catowner,UCRelcVRSN6MKfhn5O3gjdbw,2026-09-21T01:58:05-07:00,2026-09-21T10:45:45.823845+00:00,0,0,,,,True,True
pet-hair-remover,youtube,lThF8fsxt3g,https://www.youtube.com/shorts/lThF8fsxt3g,Pet Hair Is EVERYWHERE? This Glove Is a Game Changer! 🐱#petgrooming #petcare #shorts,UC2pNtWGfyrf7YjDrDegs7kg,2026-09-20T17:57:32-07:00,2026-09-21T10:45:45.952679+00:00,0,0,,,,True,False
pet-hair-remover,youtube,1yYbfss_e9I,https://www.youtube.com/shorts/1yYbfss_e9I,The Ultimate Pet Grooming Tool That Solves Shedding Forever! 🐾,UCh7aLeHM4Wh6pJsEp5NOiiA,2026-09-19T06:32:06-07:00,2026-09-21T10:45:46.774177+00:00,124,0,,,,True,False
pet-hair-remover,youtube,dQRmcPmPhg0,https://www.youtube.com/shorts/dQRmcPmPhg0,How to Get Pet Hair Off Your Rug in 60 Seconds？,UCZ3ct_TGqZu9m_FcScxyASA,2026-09-19T04:31:38-07:00,2026-09-21T10:45:46.681026+00:00,1203,8,,,,True,False
pet-hair-remover,youtube,QnxiR7-BLLA,https://www.youtube.com/shorts/QnxiR7-BLLA,Pet Grooming De-Matting Tool | Tangles & Loose Fur,UCvbI4VC-ZUjsjhG9Sms0uew,2026-09-19T07:10:05-07:00,2026-09-21T10:45:47.007588+00:00,1542,12,,,,True,False
pet-hair-remover,youtube,QaTMSEoNKz8,https://www.youtube.com/shorts/QaTMSEoNKz8,Save Time with the 3-in-1 Mist Brush 🐶✨ | Golden Retriever Grooming #goldenretriever #petgrooming,UCZIbRSRTH-lGa-ieuMIusFw,2026-09-20T17:00:12-07:00,2026-09-21T10:45:47.736626+00:00,1067,12,,,,True,False
pet-hair-remover,youtube,i96-B85jYwU,https://www.youtube.com/shorts/i96-B85jYwU,This Mist Brush Removed SO MUCH FUR 😱 #cats #petlife,UCA-VnYX3VUSjaleG51sBDog,2026-09-19T19:57:59-07:00,2026-09-21T10:45:47.929672+00:00,12,1,,,,True,False
pet-hair-remover,youtube,IvSrZ91xeJ8,https://www.youtube.com/shorts/IvSrZ91xeJ8,Pet Hair Cleanup Just Got Easier! #homecleaning #petcare  🐾🔥,UCCufrkzxNKmyFdoBXFfu3yw,2026-09-19T08:06:05-07:00,2026-09-21T10:45:47.976536+00:00,0,0,,,,True,False
pet-hair-remover,youtube,FJ00CLIUhss,https://www.youtube.com/shorts/FJ00CLIUhss,Pet Deshedding Glove for Dogs & Cats 🐶🐱 | Remove Loose Hair & Groom at Home,UCsmTLisDBkLrPcYkWcZ9VXA,2026-09-21T01:43:24-07:00,2026-09-21T10:45:48.647953+00:00,6,1,,,,True,False
pet-hair-remover,youtube,5SKGUEPqsfs,https://www.youtube.com/shorts/5SKGUEPqsfs,Stop Shaving Your Dog! 🛑 Best De-shedding Tool for Summer 🐕,UCoWVhZiYVL202QHf_FdXGCg,2026-09-20T17:11:57-07:00,2026-09-21T10:45:48.789845+00:00,4,0,,,,True,False
pet-hair-remover,youtube,8rCkMGbD3OI,https://www.youtube.com/shorts/8rCkMGbD3OI,Round Handle Pet Grooming Comb 🐶🐱 | Easy Grooming at Home!,UCqYyx80F6Oc5mk2H5iMGMEw,2026-09-19T20:00:15-07:00,2026-09-21T10:45:48.830117+00:00,2,0,,,,True,False
pet-hair-remover,youtube,ctuMSk-vVQQ,https://www.youtube.com/shorts/ctuMSk-vVQQ,This 3-in-1 steamy brush fixes shedding forever! 🐶✨ #Shorts,UCh7aLeHM4Wh6pJsEp5NOiiA,2026-09-19T11:00:44-07:00,2026-09-21T10:45:49.483913+00:00,3,0,,,,True,False
pet-hair-remover,youtube,K0d3XM8Krsw,https://www.youtube.com/shorts/K0d3XM8Krsw,🐾 Easy grooming with the Aumuca Slicker Brush! Tap the link in my profile to shop now.,UCf2D1mVrAz1pzFgdBvgmwaA,2026-09-19T22:00:28-07:00,2026-09-21T10:45:49.844221+00:00,934,4,,,,True,False
pet-hair-remover,youtube,ZJ8UMqcydRA,https://www.youtube.com/shorts/ZJ8UMqcydRA,The best brush ever!!! #cat #dog #catlove #cats #catvideos #dogs #catshorts #grooming #catshort #pet,UCmUUqwG4uGJwRuUu4nJ48cw,2026-09-19T17:47:02-07:00,2026-09-21T10:45:49.664701+00:00,8467,87,,,,True,False
pet-hair-remover,youtube,kmoh3Ntv-ro,https://www.youtube.com/shorts/kmoh3Ntv-ro,Pet De-Matting Grooming Roller | Easy Dog & Cat Grooming,UCQ30vPtElbhjCA01I22X24A,2026-09-19T07:37:01-07:00,2026-09-21T10:45:50.365913+00:00,1407,14,,,,True,False
silicone-faucet-mat,youtube,Evficppp3YE,https://www.youtube.com/shorts/Evficppp3YE,Silicone Heat Resistant Mat | Kitchen Essential #KitchenEssential #Kitchen Accessories,UCN4Y41zGg7YdfTaE2GliKog,2026-09-19T22:35:09-07:00,2026-09-21T10:45:53.555714+00:00,1163,2,,,,True,False
silicone-faucet-mat,youtube,Y9ZIf54jj8Q,https://www.youtube.com/shorts/Y9ZIf54jj8Q,Sink faucet sprayer 360 degree rotatable #meesho #kitchengadgets #faucet #viralshorts #trending,UCZvtPruUzmx5LZAQXh_kJ3w,2026-09-19T04:43:26-07:00,2026-09-21T10:45:53.612337+00:00,1572,19,,,,True,False
silicone-faucet-mat,youtube,6_z77tqN4ls,https://www.youtube.com/shorts/6_z77tqN4ls,Faucet for kitchen sink✨#shorts #shortvideo #short #meesho #meeshohaul #meeshofinds,UCT8qg40FwH1J70JhjP2bIBQ,2026-09-19T06:28:28-07:00,2026-09-21T10:45:53.659021+00:00,1653,6,,,,True,False
silicone-faucet-mat,youtube,oHQtxYGq9j0,https://www.youtube.com/shorts/oHQtxYGq9j0,Smart Butterfly Anti-Slip Bathroom Mat & Home Decor! 🦋✨,UC8dIhkjCfW3nrSVGu7L8pGA,2026-09-21T02:42:10-07:00,2026-09-21T10:45:54.562292+00:00,764,,,,,True,False
silicone-faucet-mat,youtube,F02fOWtVoW0,https://www.youtube.com/shorts/F02fOWtVoW0,kitchen sink Tap extension #  Best useful kitchen gadget# Faucet splash head#viral# shorts # trendy,UCQcouvM8OO5Y018a6PdmKBQ,2026-09-20T09:35:04-07:00,2026-09-21T10:45:54.616538+00:00,1024,8,,,,True,False
silicone-faucet-mat,youtube,8LS8KJtvL4k,https://www.youtube.com/shorts/8LS8KJtvL4k,Waterproof Under Sink Mat – 34” x 22” Silicone Tray #music #ihavethisthingwithplants #airfryer,UCFjQBEVLo7WefEEcMbAXGUg,2026-09-19T20:24:35-07:00,2026-09-21T10:45:54.652295+00:00,361,1,,,,True,False
silicone-faucet-mat,youtube,7CcGIB16M8I,https://www.youtube.com/shorts/7CcGIB16M8I,Universal Pop-up Sink Drain Filter 🚰 Smart Washbasin Anti-Clogging Strainer #shorts #bathroomgadgets,UCKJelYUt7KuSP9ES3mYCsUA,2026-09-20T21:30:27-07:00,2026-09-21T10:45:55.766346+00:00,20,3,,,,True,False
silicone-faucet-mat,youtube,90RfvAJQB4w,https://www.youtube.com/shorts/90RfvAJQB4w,Upgrade Your Bathroom with These Amazing Blue PTMT Taps!  #Shorts  #bathroomware #plumber #ytshorts,UCSgRT7LE11FzGkbgOP8GBjQ,2026-09-20T09:39:06-07:00,2026-09-21T10:45:55.706174+00:00,1095,5,,,,True,False
silicone-faucet-mat,youtube,YWvVWAyoSpY,https://www.youtube.com/shorts/YWvVWAyoSpY,🚨Stop Wiping Countertops😱 Forever! LINK IN BIO #kitchenessentials,UC56n_oeXkNbf8h8ZjIv12_A,2026-09-19T18:12:26-07:00,2026-09-21T10:45:55.620398+00:00,859,0,,,,True,False
silicone-faucet-mat,youtube,ocG1C1mq5eg,https://www.youtube.com/shorts/ocG1C1mq5eg,Faucet Anti-Splash Water Saving Shower Head | Meesho Product Review ✨,UCQcGz1zJi1vk2fxfyWt_FHg,2026-09-20T00:38:46-07:00,2026-09-21T10:45:56.727934+00:00,12,0,,,,True,False
silicone-faucet-mat,youtube,J62lOXizwFQ,https://www.youtube.com/shorts/J62lOXizwFQ,"Waterfall Bathroom Faucet, Matte Black | No Squeaky Handles, Ever",UCNSHrHtNLtUvky0Z454cCbQ,2026-09-19T12:02:04-07:00,2026-09-21T10:45:56.518271+00:00,51,0,,,,True,False
silicone-faucet-mat,youtube,tDnAcTbymQ4,https://www.youtube.com/shorts/tDnAcTbymQ4,Carbon faucet product,UCmOEGuLemivwryKWo_AkAyg,2026-09-20T08:55:47-07:00,2026-09-21T10:45:56.648169+00:00,8,0,,,,True,False
silicone-faucet-mat,youtube,Pl2WqhprXCQ,https://www.youtube.com/shorts/Pl2WqhprXCQ,The Real Spatula Test: Silicone Flex vs. Wasted Batter,UCDJBsEWY9Z8bNAZfoD4zohQ,2026-09-19T09:10:42-07:00,2026-09-21T10:45:57.501473+00:00,18,0,,,,True,False
silicone-faucet-mat,youtube,WlkhmRtRQoM,https://www.youtube.com/shorts/WlkhmRtRQoM,I Didn’t Know I Needed This Sink Hack Until Now 👀 #kitchentools #kitchenessentials,UC56n_oeXkNbf8h8ZjIv12_A,2026-09-19T18:14:33-07:00,2026-09-21T10:45:57.891394+00:00,220,2,,,,True,False
silicone-faucet-mat,youtube,DEmPwr7rIoo,https://www.youtube.com/shorts/DEmPwr7rIoo,Say Goodbye to Wet Countertops! 🧽✨ #KitchenHacks #AmazonFinds #homegadgets,UCdJP-r_qHFZke_mf-1IeXaw,2026-09-19T12:00:04-07:00,2026-09-21T10:45:57.704953+00:00,171,4,,,,True,False
silicone-faucet-mat,youtube,kdzA60g8bP0,https://www.youtube.com/shorts/kdzA60g8bP0,"🚰 Corsa Taps – Premium Look, Powerful Performance 🔥|#Shorts  Bathroom Ka Look Hi Badal De! #Shorts”",UC9FJSjpwzcOW5TZun_IKqdg,2026-09-20T20:02:18-07:00,2026-09-21T10:45:58.532974+00:00,62,3,,,,True,False
silicone-faucet-mat,youtube,yYteIi7MHiA,https://www.youtube.com/shorts/yYteIi7MHiA,We are working smarter not harder 😁 Silicone Stove Gap Covers #siliconestovegapcovers,UCq_9UgmvGB2Yh8-jydg5aJQ,2026-09-19T08:00:44-07:00,2026-09-21T10:45:58.573675+00:00,1020,6,,,,True,False
silicone-faucet-mat,youtube,iUBt75PPXxQ,https://www.youtube.com/shorts/iUBt75PPXxQ,Stylish & supportive kitchen mats,UCOKs9Aft2VHLqJgNaQgGwQw,2026-09-19T16:00:15-07:00,2026-09-21T10:45:58.735512+00:00,112,0,,,,True,False
silicone-faucet-mat,youtube,G1GKHKoxIOU,https://www.youtube.com/shorts/G1GKHKoxIOU,Perfect Silicone Finish Around a Kitchen Window,UCX4d4Z31Aq_uqppUb9HXdNQ,2026-09-19T02:00:09-07:00,2026-09-21T10:45:59.402323+00:00,3861,32,,,,True,False
compression-packing-cubes,youtube,VSBxUX60Em8,https://www.youtube.com/shorts/VSBxUX60Em8,The Best Packing Cubes to Double Suitcase Space 🧳✈️ #travelhacks #shorts,UCgwNcqMPmZ9-QK6OTm6W3iA,2026-08-27T08:30:06-07:00,2026-09-21T10:46:03.217754+00:00,63956,474,,,,True,False
compression-packing-cubes,youtube,Vg1jIaMDipU,https://www.youtube.com/shorts/Vg1jIaMDipU,"How to Pack a 20"" Carry-On for 7 Days (No Checked Fees!) 🤯 #shorts #travelhacks #packing",UCgwNcqMPmZ9-QK6OTm6W3iA,2026-09-18T05:53:38-07:00,2026-09-21T10:46:03.092619+00:00,22080,256,,,,True,False
compression-packing-cubes,youtube,pG8t1G5OrXQ,https://www.youtube.com/shorts/pG8t1G5OrXQ,Wardrobe Space-Saving Hack 😱 | Meesho Vacuum Storage Bags #Shorts #meesho #meeshofinds,UCREC-PlMGU9vciq9SXOZaEw,2026-09-20T06:33:28-07:00,2026-09-21T10:46:03.029090+00:00,1266,11,,,,True,False
compression-packing-cubes,youtube,2qzT4tuLfwg,https://www.youtube.com/shorts/2qzT4tuLfwg,Pack Your Suitcase Without the Mess | BAGAIL Packing Cubes,UCx1qWUNGeULzQvzGgyNBlvg,2026-09-20T20:07:45-07:00,2026-09-21T10:46:04.143767+00:00,193,4,,,,True,False
compression-packing-cubes,youtube,Ju7uTgO-hFQ,https://www.youtube.com/shorts/Ju7uTgO-hFQ,Packing Cubes Don't Make Your Bag Lighter,UCl44KvZTZTBuaqR24JxuaJA,2026-09-20T05:11:08-07:00,2026-09-21T10:46:04.573795+00:00,4,0,,,,True,False
compression-packing-cubes,youtube,JltUQ3HARjg,https://www.youtube.com/shorts/JltUQ3HARjg,Clothes Vacuum Packing Hack 👕#smart #clothes #packing #trick,UC1Y6NUPZnpG-H-H0WBlthdA,2026-09-18T15:00:36-07:00,2026-09-21T10:46:04.086021+00:00,26323,193,,,,True,False
compression-packing-cubes,youtube,iB_zZbgIjq8,https://www.youtube.com/shorts/iB_zZbgIjq8,This Suitcase Packing Hack Is Absolutely Genius! 😱🧳 | Travel Packing Hack #Shorts #PackingHack,UCbRmj1cE5n0b2ob-lfJKekw,2026-09-20T18:30:04-07:00,2026-09-21T10:46:05.114824+00:00,1365,7,,,,True,False
compression-packing-cubes,youtube,wVcOwU1tcUA,https://www.youtube.com/shorts/wVcOwU1tcUA,Packing Cubes  Organization & Compression - Tolaccea Makes a Good Ones,UCZQTP2tZEKArRvCIoMx1gmg,2026-09-18T22:57:07-07:00,2026-09-21T10:46:05.050460+00:00,191,2,,,,True,False
compression-packing-cubes,youtube,5rWJ1EhrPwk,https://www.youtube.com/shorts/5rWJ1EhrPwk,This Backpack Just Made Packing Cubes Obsolete 📦❌  #travelbackpack  #travelhacks #packingtips,UCbDb4eSLX2NURAdOi4q_-8A,2026-09-21T02:04:34-07:00,2026-09-21T10:46:05.370030+00:00,0,0,,,,True,False
compression-packing-cubes,youtube,jFnBETWRvR0,https://www.youtube.com/shorts/jFnBETWRvR0,Must-Have Travel Gadget That Saves 80% Space! 👚📦,UCMXFDWkgqscXm0UQMrpY3GA,2026-09-19T22:33:36-07:00,2026-09-21T10:46:06.127981+00:00,1024,10,,,,True,False
compression-packing-cubes,youtube,_WPJkOgW4Ro,https://www.youtube.com/shorts/_WPJkOgW4Ro,You Need to Keep One Packing Cube HERE Just In Case,UC5XIgzc2Qm7BhWl1vjyQoQQ,2026-09-19T18:00:15-07:00,2026-09-21T10:46:06.190457+00:00,3953,242,,,,True,False
compression-packing-cubes,youtube,rsmGPLIj7VU,https://www.youtube.com/shorts/rsmGPLIj7VU,Travel Packing Made Easy!  6 Pcs Travel Pouch Organizer | Luggage Organizer & Travel Storage Bags,UC7mxZ3BexIgcWkSO7SxyVEA,2026-09-19T06:52:21-07:00,2026-09-21T10:46:06.899170+00:00,231,0,,,,True,False
compression-packing-cubes,youtube,He1l-36JnBw,https://www.youtube.com/shorts/He1l-36JnBw,packing and unpacking was so much easier using these travel cubes! I was able to organize my entire,UCHQKu1memmwVcFGIdsPFQ4g,2026-09-19T06:06:00-07:00,2026-09-21T10:46:07.190121+00:00,174,1,,,,True,False
compression-packing-cubes,youtube,ekzYkFqhIeY,https://www.youtube.com/shorts/ekzYkFqhIeY,70% Space Saving Vacuum Bags - Just £1.99,UC3eX-ZUCxWZJDgzrzqzapCA,2026-09-20T11:02:09-07:00,2026-09-21T10:46:07.250256+00:00,0,0,,,,True,False
compression-packing-cubes,youtube,xex3jw7eVi8,https://www.youtube.com/shorts/xex3jw7eVi8,This Packing Hack Changed How I Travel,UCKSb3IaBccPX9u8t46DonnQ,2026-09-20T20:00:02-07:00,2026-09-21T10:46:07.788831+00:00,671,5,,,,True,False
compression-packing-cubes,youtube,jKjd0F8sffU,https://www.youtube.com/shorts/jKjd0F8sffU,The Carry-On System That Survives a Two-Week Trip,UCInwIGJP4boSOmm3KGQ8xvg,2026-09-19T18:02:26-07:00,2026-09-21T10:46:07.935618+00:00,10,0,,,,True,False
compression-packing-cubes,youtube,'-F2BDn9L5B8,https://www.youtube.com/shorts/-F2BDn9L5B8,🧳 Roll Up Travel Space Saver Storage Bags#TravelBags #TravelOrganizer #LuggageOrganizer #SpaceSaver,UCtqQeyQlUOvc94r7fhT-RQQ,2026-09-19T05:02:09-07:00,2026-09-21T10:46:08.248694+00:00,16,0,,,,True,False
compression-packing-cubes,youtube,rXZc7CjX-Yo,https://www.youtube.com/shorts/rXZc7CjX-Yo,#Nectar #“Travel Packing Perfect for keeping everything  organized! #TravelOrganizers #Shorts”,UCN-jsqZ_AdqKKJdhXIGS08A,2026-09-20T04:30:03-07:00,2026-09-21T10:46:08.715198+00:00,231,16,,,,True,False
compression-packing-cubes,youtube,OKj7-HhIIIk,https://www.youtube.com/shorts/OKj7-HhIIIk,How I pack my carry-on like a pro 🧘‍♀️✨ #packing #traveltips,UCc3KQ2N3_lpu6IxSBUQpL6w,2026-09-20T09:00:20-07:00,2026-09-21T10:46:08.856249+00:00,154,3,,,,True,False
compression-packing-cubes,youtube,3NOioAZIjNU,https://www.youtube.com/shorts/3NOioAZIjNU,Immersive Suitcase Packing 🚄 Packing a 20-inch suitcase for the organized traveler #packing #travel,UCf5wNQMmxthLiKZh4LOfJSw,2026-09-20T06:15:20-07:00,2026-09-21T10:46:09.514561+00:00,5014,282,,,,True,False
compression-packing-cubes,youtube,IP1jxQeX2hE,https://www.youtube.com/shorts/IP1jxQeX2hE,Duffel Bag Hack - Use Packing Cubes #tolaccea #packingcubes #duffelbag,UCZQTP2tZEKArRvCIoMx1gmg,2026-09-18T22:58:11-07:00,2026-09-21T10:46:09.594164+00:00,163,0,,,,True,False
compression-packing-cubes,youtube,64-7wL4RyKY,https://www.youtube.com/shorts/64-7wL4RyKY,Space-Saving Vacuum Bags for Travel – Just £12.59,UC3eX-ZUCxWZJDgzrzqzapCA,2026-09-18T23:01:42-07:00,2026-09-21T10:46:09.768057+00:00,15,0,,,,True,False
compression-packing-cubes,youtube,5QIUH-EmZzM,https://www.youtube.com/shorts/5QIUH-EmZzM,Space-Saving Compression Bags – No Pump Needed | £10.89,UC3eX-ZUCxWZJDgzrzqzapCA,2026-09-20T23:01:40-07:00,2026-09-21T10:46:10.520277+00:00,19,0,,,,True,False
compression-packing-cubes,youtube,jcteOW8mMAk,https://www.youtube.com/shorts/jcteOW8mMAk,MINIMALIST Hospital Bag Packing List: Linked on ShopMy: Carry On Toiletry Case Premier Cru,UCtNlV90yuk3YWAQxRKJeBVw,2026-09-19T07:14:42-07:00,2026-09-21T10:46:10.917682+00:00,1931,68,,,,True,False
compression-packing-cubes,youtube,QoQujgPxQrA,https://www.youtube.com/shorts/QoQujgPxQrA,These Vacuum Packing Bags Saved SO Much Space In My Suitcase #travelbags #travelessentials,UCo4RE90M8McANKDLrRwjFbw,2026-09-20T11:42:47-07:00,2026-09-21T10:46:10.676165+00:00,491,2,,,,True,False
magnetic-cable-clips,youtube,0IBXETevRlg,https://www.youtube.com/shorts/0IBXETevRlg,Magnetic Cable Management System - Amazon Finds #Shorts #ad,UCKauolJ-y9c59AGAeedWB4A,2026-09-20T21:35:44-07:00,2026-09-21T10:46:14.712951+00:00,8,0,,,,True,False
magnetic-cable-clips,youtube,CHKOxyDPntw,https://www.youtube.com/shorts/CHKOxyDPntw,The Minimalist Magnetic Cable Organizer #Shorts,UCvAvTUr2lvaoYPF3VDGza4A,2026-09-19T07:14:16-07:00,2026-09-21T10:46:14.347339+00:00,22,0,,,,True,True
magnetic-cable-clips,youtube,kPpQAypY2z0,https://www.youtube.com/shorts/kPpQAypY2z0,This Simple Cable Organizer Is Genius! 🔥#Gadgets #CableOrganizer #SmartGadgets#viral #trending,UCGNItAcIQuCiGbsLfbCUHDA,2026-09-20T07:00:09-07:00,2026-09-21T10:46:14.775698+00:00,6182,66,,,,True,False
magnetic-cable-clips,youtube,eIVlIDRRt_U,https://www.youtube.com/shorts/eIVlIDRRt_U,Your cable keeps falling? #shorts,UCUIVAnzY9ehptmzsJen2qGw,2026-09-21T00:00:46-07:00,2026-09-21T10:46:15.569867+00:00,0,0,,,,True,False
magnetic-cable-clips,youtube,1koyaIdOffo,https://www.youtube.com/shorts/1koyaIdOffo,A closer look at the magnetic clip on the DMYIAM cable organizer.,UC0z_MWCeSqQ-Ye7nHzXtAEg,2026-09-19T23:27:18-07:00,2026-09-21T10:46:15.625954+00:00,1280,4,,,,True,False
magnetic-cable-clips,youtube,CfgVS3QlryA,https://www.youtube.com/shorts/CfgVS3QlryA,Turn hair clip into a cable management clip #Shorts,UCcpAKe9nQuv7OuqY6VRjDQQ,2026-09-20T14:00:30-07:00,2026-09-21T10:46:15.711428+00:00,317,1,,,,True,False
magnetic-cable-clips,youtube,1j9eQdSASMU,https://www.youtube.com/shorts/1j9eQdSASMU,Stop Cable Breaking Forever! 🔌⚡ #CableHacks  #kitchen,UCKqglIDbeTDnFhs_jnYlq3g,2026-09-20T15:05:17-07:00,2026-09-21T10:46:16.719173+00:00,7,0,,,,True,False
magnetic-cable-clips,youtube,16ey1V-iYXo,https://www.youtube.com/shorts/16ey1V-iYXo,MacBook Pro Magnetic Cable Magic! ✨,UCFQKxwURUZWn9CDnMwihQ9w,2026-09-19T06:30:35-07:00,2026-09-21T10:46:16.657707+00:00,529,13,,,,True,False
magnetic-cable-clips,youtube,Lv4G26UO-zg,https://www.youtube.com/shorts/Lv4G26UO-zg,Ditch the cable mess. One magnetic beast charges everything. 🧲⚡️,UCQMabfOIcFoqXW2Y8zSVm7A,2026-09-20T12:20:01-07:00,2026-09-21T10:46:16.781069+00:00,0,0,,,,True,False
magnetic-cable-clips,youtube,_nQ_LTVJhTg,https://www.youtube.com/shorts/_nQ_LTVJhTg,Stop Untangling Your Charging Cables! 🧲,UC8uQJBaTbOnJscRdMK7Livw,2026-09-20T11:00:28-07:00,2026-09-21T10:46:17.701112+00:00,118,0,,,,True,False
magnetic-cable-clips,youtube,nRn_xWkOy5s,https://www.youtube.com/shorts/nRn_xWkOy5s,"Cute thumbs shaped cable storage hook, convenient to hold small items #fypage #storageideas #holders",UCJTtF4NAtnZ8lby8UMuSxZw,2026-09-20T22:25:42-07:00,2026-09-21T10:46:17.777386+00:00,3,0,,,,True,False
magnetic-cable-clips,youtube,LlCOu-fgc2Y,https://www.youtube.com/shorts/LlCOu-fgc2Y,DIY Cable Holder Using Binder Clips 🔌#smart #cable #organizer #hack,UCmcHnaegwtS3mr042BiZVVQ,2026-09-20T16:00:03-07:00,2026-09-21T10:46:17.639676+00:00,2131,16,,,,True,False
magnetic-cable-clips,youtube,8n1ynQ-g_oY,https://www.youtube.com/shorts/8n1ynQ-g_oY,Phone at 5%? This Magnetic Power Bank Has Built-In Cables 🔋🔥 #shorts #ytshorts,UCupaG8m6ZNXqC90bxezIquA,2026-09-20T14:30:27-07:00,2026-09-21T10:46:18.476067+00:00,392,2,,,,True,False
magnetic-cable-clips,youtube,1iLuA5eyMw0,https://www.youtube.com/shorts/1iLuA5eyMw0,Stop Cable Mess! 🔌✨ Make This DIY Cable Organizer in 1 Minute! #DIY #LifeHacks #Crafts #USA #Shorts,UCwSJiI3W4kfyWQY449xpiWQ,2026-09-19T08:00:12-07:00,2026-09-21T10:46:18.784435+00:00,585,1,,,,True,False
magnetic-cable-clips,youtube,FSHTJhOZLTs,https://www.youtube.com/shorts/FSHTJhOZLTs,Stop Pets Chewing Wires! 🐱⚡ Best Cord Protector #shorts #amazonfinds,UCLqBW0YZjAN6hT-sCeYNSPA,2026-09-20T09:00:34-07:00,2026-09-21T10:46:18.730875+00:00,1070,2,,,,True,False
magnetic-cable-clips,youtube,VWHq3RYF8pY,https://www.youtube.com/shorts/VWHq3RYF8pY,TIVEIN 240W Magnetic charging cable,UCp629buiMRB3u6_cZ0CvQxQ,2026-09-20T00:36:08-07:00,2026-09-21T10:46:19.512946+00:00,87,0,,,,True,False
magnetic-cable-clips,youtube,kQFNcNxWrQw,https://www.youtube.com/shorts/kQFNcNxWrQw,"The MagStack cable combines 100W fast charging, 480Mbps data transfer, a braided nylon design, and",UCEJEOr_rj8bLfhutA5KkQcw,2026-09-19T14:06:43-07:00,2026-09-21T10:46:19.767109+00:00,1152,11,,,,True,False
magnetic-cable-clips,youtube,WI6-9Nbkd6k,https://www.youtube.com/shorts/WI6-9Nbkd6k,ESSAGER 100W 2-in-1 Magnetic Charging Cable | Type-C to Type-C + Watch :Link bio 🙏,UCXU4pC7aRiOjm-BPONJIYHQ,2026-09-19T17:24:16-07:00,2026-09-21T10:46:19.831086+00:00,1045,8,,,,True,False
magnetic-cable-clips,youtube,wnVYR3GSbCw,https://www.youtube.com/shorts/wnVYR3GSbCw,Phone Dropped Once? This MagSafe Mount Actually Holds,UCXHqaj3FzcawSpfiYxRMAJg,2026-09-19T19:27:33-07:00,2026-09-21T10:46:20.729365+00:00,109,0,,,,True,False
magnetic-cable-clips,youtube,AbAzp1jtQrw,https://www.youtube.com/shorts/AbAzp1jtQrw,"Upgrade Your Tech | SYNCWIRE MagSafe Grip, Kickstand, All-Day Comfort!",UCSQEhKBdr86Wn6Zzfvwvvpw,2026-09-20T15:51:06-07:00,2026-09-21T10:46:20.584046+00:00,1143,16,,,,True,False
magnetic-cable-clips,youtube,S-u0gFp-81Q,https://www.youtube.com/shorts/S-u0gFp-81Q,Silicone Charger Case 🔥 | Cable Protector & Organizer | Travel-Friendly Charging Gadget #shortsfeed,UCq0GsGzppjbwdgLVJ_2XUOg,2026-09-20T01:24:33-07:00,2026-09-21T10:46:20.770036+00:00,1201,11,,,,True,False
magnetic-cable-clips,youtube,NtEWddzjh7I,https://www.youtube.com/shorts/NtEWddzjh7I,Your cable drawer called. It's time for an intervention. 👋 🔌,UCerb9JU2eoAUFQft-pWVZBA,2026-09-20T19:22:29-07:00,2026-09-21T10:46:22.590645+00:00,531,8,,,,True,False
magnetic-cable-clips,youtube,i7hjpnALi68,https://www.youtube.com/shorts/i7hjpnALi68,Here’s how to store your phone cables from now on #CableStorage #DIYLifeHacks #PhoneChargingCable,UCPkyfqCTAbWHqNoWRv9BVxg,2026-09-20T00:59:09-07:00,2026-09-21T10:46:22.406201+00:00,1041,6,,,,True,False
magnetic-cable-clips,youtube,eRlrkpoeeQw,https://www.youtube.com/shorts/eRlrkpoeeQw,Genius Screw Cable Tie Trick You Never Knew #worker #process #cablemanagement #diyhacks #fastener,UCU-Jf8Bd3QmRek72LEC3zpw,2026-09-18T20:00:09-07:00,2026-09-21T10:46:22.958600+00:00,8185,19,,,,True,False
magnetic-cable-clips,youtube,HV5q3tU6n5E,https://www.youtube.com/shorts/HV5q3tU6n5E,"Best way to wrap charging cables: neat, space-saving, and I've been doing it wrong!",UCIeTBM1_hy7142jqUGre3wA,2026-09-20T18:29:43-07:00,2026-09-21T10:46:23.243062+00:00,927,6,,,,True,False
reusable-lint-roller,youtube,t_lVMh6i8as,https://www.youtube.com/shorts/t_lVMh6i8as,This Pet Hair Remover is Going VIRAL For a Reason 😳 #shorts,UCbYm0UGtrP9qRTDoQZE69TA,2026-09-20T00:31:29-07:00,2026-09-21T10:46:26.631063+00:00,1532,15,,,,True,False
reusable-lint-roller,youtube,toILg3R9-Nw,https://www.youtube.com/shorts/toILg3R9-Nw,This Long-Handle Lint Roller Removes Hair So Easily! 😍✨ #Shorts,UC-hqEKAI6tV7RtrfnPPpmGA,2026-09-21T02:08:36-07:00,2026-09-21T10:46:26.709738+00:00,0,0,,,,True,False
reusable-lint-roller,youtube,mpI47GLs1nE,https://www.youtube.com/shorts/mpI47GLs1nE,Kapdon Par Lint? 😱 ROJYO Electric Lint Remover | Easy Clothes Care #Shorts,UCym35AMAr2627NfzMTwHIkw,2026-09-19T20:05:46-07:00,2026-09-21T10:46:26.576037+00:00,643,6,,,,True,False
reusable-lint-roller,youtube,iZwbWz627aY,https://www.youtube.com/shorts/iZwbWz627aY,🛒Reusable Pet Hair Remover Roller #ChomChomRoller #PetHairRemover #PetHairRemoval,UC2H0lp66j4m7LgoNRlV8lxA,2026-09-20T06:29:33-07:00,2026-09-21T10:46:27.784512+00:00,901,2,,,,True,False
reusable-lint-roller,youtube,2y5QYUzx8Bw,https://www.youtube.com/shorts/2y5QYUzx8Bw,New Amazon Washing Machine Floating Mesh Lint & Pet Hair Catcher Unboxing! 🧺 EP - 161#Shorts,UC9VgE5ggFPdhQ11nizXwKaw,2026-09-20T04:30:22-07:00,2026-09-21T10:46:27.712404+00:00,1278,3,,,,True,False
reusable-lint-roller,youtube,xLiqHwTyTGA,https://www.youtube.com/shorts/xLiqHwTyTGA,It Literally Stuck to the Ceiling 😭#professionalcleaners #cleaninghacks #doghair #allclean #shorts,UCRG-UDsiuYeSUohydCf1-Dg,2026-09-19T10:00:05-07:00,2026-09-21T10:46:27.587531+00:00,2156,29,,,,True,False
reusable-lint-roller,youtube,TOvkPvy_Vug,https://www.youtube.com/shorts/TOvkPvy_Vug,You Need This Sticky Roller for Pet Hair!,UCOPQlN5GW09qFWs1vo55KSg,2026-09-20T21:57:36-07:00,2026-09-21T10:46:28.774278+00:00,1127,4,,,,True,False
reusable-lint-roller,youtube,04V_4PsOQvo,https://www.youtube.com/shorts/04V_4PsOQvo,The Most Satisfying Way to Remove Pet Hair from Your Couch! 🐶✨ #ad,UCBhUdlk5cTdyFGEabr0wLGw,2026-09-20T14:48:14-07:00,2026-09-21T10:46:28.706843+00:00,224,3,,,,True,False
reusable-lint-roller,youtube,pLyll3Rqqxw,https://www.youtube.com/shorts/pLyll3Rqqxw,The only pet hair remover you'll ever need! 🐈⬛️✨ #shorts #amazonfinds,UCvVdgkJ9X-jQMauitRWbq4Q,2026-09-20T09:03:18-07:00,2026-09-21T10:46:28.811792+00:00,286,1,,,,True,False
reusable-lint-roller,youtube,Y8M8ggAwjiw,https://www.youtube.com/shorts/Y8M8ggAwjiw,Everyone Is Buying This Pet Hair Roller and I Get Why 😳,UCbYm0UGtrP9qRTDoQZE69TA,2026-09-20T10:57:30-07:00,2026-09-21T10:46:29.841379+00:00,1902,9,,,,True,False
reusable-lint-roller,youtube,0a-Gn-Ipg0M,https://www.youtube.com/shorts/0a-Gn-Ipg0M,"It shaved off the fuzz, but wait until the end I accidentally opened the lint collector chamber",UClfksYRAfCVZAl0qTmdtCjQ,2026-09-20T17:00:32-07:00,2026-09-21T10:46:29.735976+00:00,625,1,,,,True,False
reusable-lint-roller,youtube,A_XwtrDxyck,https://www.youtube.com/shorts/A_XwtrDxyck,2 Useful Home Products Under ₹199 😍 | Lint Remover & Door Draft Stopper | #flipkartfinds,UCciMWwWUj6CjWDw_a7ipvmA,2026-09-20T06:58:27-07:00,2026-09-21T10:46:29.802772+00:00,507,2,,,,True,False
reusable-lint-roller,youtube,s4ZlOD2DTf4,https://www.youtube.com/shorts/s4ZlOD2DTf4,Tiny Beauty Find✨🩷Portable spring hair-removal tool 👀#MeeshoFinds #BeautyFinds #Meesho #Shorts #hair,UCswgM3Hlvo2nd0UIKExcvIg,2026-09-20T22:26:33-07:00,2026-09-21T10:46:30.556288+00:00,103,,,,,True,False
reusable-lint-roller,youtube,jEwElfiBhXI,https://www.youtube.com/shorts/jEwElfiBhXI,The Best Cat Hair Remover for Clothes and Pet Beds! 😻👕,UCattM3_Sb5RU9q-oCI9qHDg,2026-09-20T04:48:48-07:00,2026-09-21T10:46:30.606795+00:00,996,13,,,,True,False
reusable-lint-roller,youtube,77I39cghLqQ,https://www.youtube.com/shorts/77I39cghLqQ,This Tiny Lint Roller Is Surprisingly Powerful! 😳✨ Perfect for Winter,UCeyARaenurN5Fxmr0Cq71lQ,2026-09-19T23:03:21-07:00,2026-09-21T10:46:30.771745+00:00,42,2,,,,True,False
reusable-lint-roller,youtube,4HdWih8VTRo,https://www.youtube.com/shorts/4HdWih8VTRo,Reusable Kitchen Towels 🧽 Worth Buying? | Honest Review #meeshofinds #meeshohaul #kitchengadgets,UCAXxmFznUsvpEuC_ofh_hFw,2026-09-21T01:30:04-07:00,2026-09-21T10:46:31.620063+00:00,143,0,,,,True,False
reusable-lint-roller,youtube,2m6tfWMGlkg,https://www.youtube.com/shorts/2m6tfWMGlkg,ChomChom Roller Pet Hair Remover – Reusable & Easy to Use,UCYrro1N-ivbfPJ1riSm6pxQ,2026-09-19T16:03:37-07:00,2026-09-21T10:46:31.517592+00:00,356,4,,,,True,False
reusable-lint-roller,youtube,7TAkJfTyEGI,https://www.youtube.com/shorts/7TAkJfTyEGI,washing machine में बस ये डालकर देखिए 😍| #ytshorts #shorts #shortvideo @Meesho,UCWf7_vetkFNBuigUnQkhPNQ,2026-09-19T09:05:19-07:00,2026-09-21T10:46:31.794123+00:00,1011,8,,,,True,False
reusable-lint-roller,youtube,P6GvUSFe-ko,https://www.youtube.com/shorts/P6GvUSFe-ko,'@Meesho bow comb with mirror💕 #meeshofinds#ytshorts#viral#trending#unboxing#shorts#hairbrush#mirror,UC7K2NveErZIcpspYf_BJzLQ,2026-09-20T02:55:06-07:00,2026-09-21T10:46:32.449649+00:00,18575,353,,,,True,False
reusable-lint-roller,youtube,5mOQxnJCCVU,https://www.youtube.com/shorts/5mOQxnJCCVU,Ditch Your Gross Dorm Loofah! 🧼 Silicone Back Scrubber #shorts,UCm0cImStt44q4LlnZPsriDQ,2026-09-20T10:34:33-07:00,2026-09-21T10:46:32.515514+00:00,7,0,,,,True,False
reusable-lint-roller,youtube,VninMC8au5Q,https://www.youtube.com/shorts/VninMC8au5Q,Long Handle Soft Brush| #shorts #amazonfinds #bathroomcleaning #explorepage #subscribe #affordable,UC9q3jtTSPyL-T-xDEyCcWYw,2026-09-18T22:30:34-07:00,2026-09-21T10:46:32.873176+00:00,13,,,,,True,False
reusable-lint-roller,youtube,B5qq8jbD5CM,https://www.youtube.com/shorts/B5qq8jbD5CM,"Goodbye, Lint! The 9000 RPM Sweater Shaver That Makes Clothes Look New.",UCMzt5nS6kM_hmZTPLPb86MA,2026-09-19T07:39:48-07:00,2026-09-21T10:46:33.909451+00:00,15,0,,,,True,False
reusable-lint-roller,youtube,nG6zHccEBz4,https://www.youtube.com/shorts/nG6zHccEBz4,Stop Cat Shedding Instantly! Best Grooming Tool Revealed #cats #shorts,UCOPQlN5GW09qFWs1vo55KSg,2026-09-19T21:57:33-07:00,2026-09-21T10:46:33.408440+00:00,250,0,,,,True,False
reusable-lint-roller,youtube,6MW52M5N9y8,https://www.youtube.com/shorts/6MW52M5N9y8,I Was Lint Rolling 10x A Day Until This 😭🐾,UCbYm0UGtrP9qRTDoQZE69TA,2026-09-19T10:23:30-07:00,2026-09-21T10:46:33.707428+00:00,9355,28,,,,True,False
reusable-lint-roller,youtube,mZvas0nrV_A,https://www.youtube.com/shorts/mZvas0nrV_A,Stop Buying Sticky Rollers! Try This 4 in 1 Pet Hair Remover #cleaninghacks #petlover #catowner,UCRelcVRSN6MKfhn5O3gjdbw,2026-09-21T01:58:05-07:00,2026-09-21T10:46:34.432635+00:00,0,0,,,,True,False
